,Stime,Ltime
0,1424261723,1424261760
1,1424252414,1424252464
2,1424260855,1424260905
3,1424252891,1424252891
4,1424252171,1424252171
5,1424261111,1424261111
6,1424261531,1424261531
7,1424250648,1424250648
8,1424254973,1424254973
9,1424258576,1424258576
10,1424258576,1424258576
11,1424261734,1424261777
12,1424257272,1424257315
13,1424256862,1424256862
14,1424261553,1424261553
15,1424252601,1424252631
16,1424259038,1424259038
17,1424254704,1424254735
18,1424260793,1424260793
19,1424261239,1424261239
20,1424260184,1424260184
21,1424260490,1424260490
22,1424259562,1424259562
23,1424258847,1424258847
24,1424259087,1424259087
25,1424259258,1424259258
26,1424260413,1424260413
27,1424260669,1424260669
28,1424260057,1424260057
29,1424261600,1424261600
30,1424260134,1424260134
31,1424260454,1424260454
32,1424259720,1424259720
33,1424261778,1424261778
34,1424259395,1424259395
35,1424260058,1424260058
36,1424260123,1424260123
37,1424261866,1424261866
38,1424260515,1424260515
39,1424259043,1424259043
40,1424258929,1424258929
41,1424259046,1424259046
42,1424259153,1424259153
43,1424260314,1424260314
44,1424260171,1424260171
45,1424260587,1424260587
46,1424260288,1424260288
47,1424259780,1424259780
48,1424261374,1424261374
49,1424259054,1424259054
50,1424261247,1424261247
51,1424260219,1424260219
52,1424261418,1424261418
53,1424260419,1424260419
54,1424261481,1424261481
55,1424260158,1424260158
56,1424260362,1424260362
57,1424259309,1424259309
58,1424260025,1424260025
59,1424260421,1424260421
60,1424260353,1424260353
61,1424259694,1424259694
62,1424259454,1424259454
63,1424259054,1424259054
64,1424259083,1424259083
65,1424260867,1424260867
66,1424258871,1424258871
67,1424259897,1424259897
68,1424260008,1424260008
69,1424260461,1424260461
70,1424259626,1424259626
71,1424259186,1424259186
72,1424259130,1424259130
73,1424260208,1424260208
74,1424260038,1424260038
75,1424259238,1424259238
76,1424259067,1424259067
77,1424260478,1424260478
78,1424259032,1424259032
79,1424259177,1424259177
80,1424259863,1424259863
81,1424260735,1424260735
82,1424260461,1424260461
83,1424259057,1424259057
84,1424258884,1424258884
85,1424260475,1424260475
86,1424260265,1424260265
87,1424260692,1424260692
88,1424260637,1424260637
89,1424259188,1424259188
90,1424261785,1424261785
91,1424259058,1424259058
92,1424260776,1424260776
93,1424259981,1424259981
94,1424259393,1424259393
95,1424259581,1424259581
96,1424260916,1424260916
97,1424260949,1424260949
98,1424261897,1424261897
99,1424259077,1424259077
100,1424261752,1424261752
101,1424261089,1424261089
102,1424262048,1424262048
103,1424261848,1424261848
104,1424260603,1424260603
105,1424260127,1424260127
106,1424260679,1424260679
107,1424260409,1424260409
108,1424260857,1424260857
109,1424261146,1424261146
110,1424260301,1424260301
111,1424260778,1424260778
112,1424258986,1424258986
113,1424260415,1424260415
114,1424260972,1424260972
115,1424260280,1424260280
116,1424259606,1424259606
117,1424259044,1424259044
118,1424260049,1424260049
119,1424259171,1424259171
120,1424260092,1424260092
121,1424259589,1424259589
122,1424261274,1424261274
123,1424260153,1424260153
124,1424260376,1424260376
125,1424260934,1424260934
126,1424261399,1424261399
127,1424259083,1424259083
128,1424259041,1424259041
129,1424259023,1424259023
130,1424259239,1424259239
131,1424261944,1424261944
132,1424259221,1424259221
133,1424259065,1424259065
134,1424259059,1424259059
135,1424259102,1424259102
136,1424261468,1424261468
137,1424258820,1424258820
138,1424260452,1424260452
139,1424261804,1424261804
140,1424261120,1424261120
141,1424260369,1424260369
142,1424260306,1424260306
143,1424260317,1424260317
144,1424260934,1424260934
145,1424260675,1424260675
146,1424260248,1424260248
147,1424260572,1424260572
148,1424260111,1424260111
149,1424260126,1424260126
150,1424259344,1424259344
151,1424260667,1424260667
152,1424260140,1424260140
153,1424260096,1424260096
154,1424260384,1424260384
155,1424260703,1424260703
156,1424261154,1424261154
157,1424260719,1424260719
158,1424260320,1424260320
159,1424259260,1424259260
160,1424259990,1424259990
161,1424260679,1424260679
162,1424260938,1424260938
163,1424259300,1424259300
164,1424260433,1424260433
165,1424259061,1424259061
166,1424260926,1424260926
167,1424260149,1424260149
168,1424262026,1424262026
169,1424259424,1424259424
170,1424259077,1424259077
171,1424258937,1424258937
172,1424259022,1424259022
173,1424260108,1424260108
174,1424261683,1424261683
175,1424260493,1424260493
176,1424261376,1424261376
177,1424260578,1424260578
178,1424260362,1424260362
179,1424259051,1424259051
180,1424260496,1424260496
181,1424261923,1424261923
182,1424261325,1424261325
183,1424259918,1424259918
184,1424260123,1424260123
185,1424259679,1424259679
186,1424260982,1424260982
187,1424260583,1424260583
188,1424260382,1424260382
189,1424261098,1424261098
190,1424259962,1424259962
191,1424260308,1424260308
192,1424259082,1424259082
193,1424262050,1424262050
194,1424261003,1424261003
195,1424260638,1424260638
196,1424261917,1424261917
197,1424260643,1424260643
198,1424259196,1424259196
199,1424261682,1424261682
200,1424258972,1424258972
201,1424259070,1424259070
202,1424260694,1424260694
203,1424259725,1424259784
204,1424254432,1424254432
205,1424252067,1424252067
206,1424252068,1424252068
207,1424252902,1424252902
208,1424251718,1424251718
209,1424253910,1424253910
210,1424252103,1424252103
211,1424253614,1424253614
212,1424252693,1424252693
213,1424251667,1424251667
214,1424253744,1424253744
215,1424253278,1424253278
216,1424253687,1424253687
217,1424255041,1424255041
218,1424252076,1424252076
219,1424252372,1424252372
220,1424253598,1424253598
221,1424252913,1424252913
222,1424252103,1424252103
223,1424253365,1424253365
224,1424254343,1424254343
225,1424251718,1424251718
226,1424252339,1424252339
227,1424252010,1424252010
228,1424253770,1424253770
229,1424254171,1424254171
230,1424254621,1424254621
231,1424253443,1424253443
232,1424257306,1424257306
233,1424255129,1424255129
234,1424252176,1424252176
235,1424252930,1424252930
236,1424255194,1424255194
237,1424255250,1424255250
238,1424253199,1424253199
239,1424254353,1424254353
240,1424252138,1424252138
241,1424254820,1424254820
242,1424255172,1424255172
243,1424254312,1424254312
244,1424253086,1424253086
245,1424253779,1424253779
246,1424251851,1424251851
247,1424253414,1424253414
248,1424255053,1424255053
249,1424252269,1424252269
250,1424251638,1424251638
251,1424251704,1424251704
252,1424255239,1424255239
253,1424252520,1424252520
254,1424253193,1424253193
255,1424251697,1424251697
256,1424251929,1424251929
257,1424251768,1424251768
258,1424253756,1424253756
259,1424253558,1424253558
260,1424253453,1424253453
261,1424253541,1424253541
262,1424251798,1424251798
263,1424253662,1424253662
264,1424253866,1424253866
265,1424251869,1424251869
266,1424253475,1424253475
267,1424253168,1424253168
268,1424253209,1424253209
269,1424251925,1424251925
270,1424251855,1424251855
271,1424252904,1424252904
272,1424252782,1424252782
273,1424253252,1424253252
274,1424252074,1424252074
275,1424253663,1424253663
276,1424255036,1424255036
277,1424253332,1424253332
278,1424251724,1424251724
279,1424255066,1424255066
280,1424253079,1424253079
281,1424252951,1424252951
282,1424253324,1424253324
283,1424252930,1424252930
284,1424253315,1424253315
285,1424254611,1424254611
286,1424252409,1424252409
287,1424252401,1424252401
288,1424254298,1424254298
289,1424252928,1424252928
290,1424252934,1424252934
291,1424255043,1424255043
292,1424252080,1424252080
293,1424253259,1424253259
294,1424252714,1424252714
295,1424255240,1424255240
296,1424252970,1424252970
297,1424253641,1424253641
298,1424255112,1424255112
299,1424253303,1424253303
300,1424253544,1424253544
301,1424253484,1424253484
302,1424253534,1424253534
303,1424252272,1424252272
304,1424252157,1424252157
305,1424255118,1424255118
306,1424251774,1424251774
307,1424253218,1424253218
308,1424251681,1424251681
309,1424253190,1424253190
310,1424253221,1424253221
311,1424254784,1424254784
312,1424251878,1424251878
313,1424254608,1424254608
314,1424254891,1424254891
315,1424252068,1424252068
316,1424253651,1424253651
317,1424252120,1424252120
318,1424253407,1424253407
319,1424253794,1424253794
320,1424253016,1424253016
321,1424253411,1424253411
322,1424254651,1424254651
323,1424252676,1424252676
324,1424253910,1424253910
325,1424254660,1424254660
326,1424252930,1424252930
327,1424254329,1424254329
328,1424252916,1424252916
329,1424252955,1424252955
330,1424251708,1424251708
331,1424253259,1424253259
332,1424254774,1424254774
333,1424253374,1424253374
334,1424252928,1424252928
335,1424252152,1424252152
336,1424253383,1424253383
337,1424254861,1424254861
338,1424253280,1424253280
339,1424252095,1424252095
340,1424254958,1424254958
341,1424253448,1424253448
342,1424253168,1424253168
343,1424253448,1424253448
344,1424252916,1424252916
345,1424252915,1424252915
346,1424251924,1424251924
347,1424251673,1424251673
348,1424254799,1424254799
349,1424253829,1424253829
350,1424254394,1424254394
351,1424254779,1424254779
352,1424254651,1424254651
353,1424253243,1424253243
354,1424254848,1424254848
355,1424252080,1424252080
356,1424254954,1424254954
357,1424254593,1424254593
358,1424252956,1424252956
359,1424253373,1424253373
360,1424252728,1424252728
361,1424253247,1424253247
362,1424254194,1424254194
363,1424252563,1424252563
364,1424254685,1424254685
365,1424252688,1424252688
366,1424251649,1424251649
367,1424252081,1424252081
368,1424255256,1424255256
369,1424253764,1424253764
370,1424251850,1424251850
371,1424252084,1424252084
372,1424252071,1424252071
373,1424252580,1424252580
374,1424252776,1424252776
375,1424252446,1424252446
376,1424252495,1424252495
377,1424253317,1424253317
378,1424254629,1424254629
379,1424252083,1424252083
380,1424251689,1424251689
381,1424252651,1424252651
382,1424252585,1424252585
383,1424254052,1424254052
384,1424253381,1424253381
385,1424253353,1424253353
386,1424251727,1424251727
387,1424254647,1424254647
388,1424251912,1424251912
389,1424254476,1424254476
390,1424253056,1424253056
391,1424251993,1424251993
392,1424252968,1424252968
393,1424254773,1424254773
394,1424251770,1424251770
395,1424253774,1424253774
396,1424254844,1424254844
397,1424251750,1424251750
398,1424251919,1424251919
399,1424255041,1424255041
400,1424253417,1424253417
401,1424254668,1424254668
402,1424252898,1424252898
403,1424253546,1424253546
404,1424254462,1424254462
405,1424252862,1424252862
406,1424251675,1424251675
407,1424253412,1424253412
408,1424252083,1424252083
409,1424253248,1424253248
410,1424253588,1424253588
411,1424251698,1424251698
412,1424253917,1424253917
413,1424255141,1424255141
414,1424253581,1424253581
415,1424252372,1424252372
416,1424252877,1424252877
417,1424252796,1424252796
418,1424253101,1424253101
419,1424253854,1424253854
420,1424252152,1424252152
421,1424252693,1424252693
422,1424253315,1424253315
423,1424253254,1424253254
424,1424253322,1424253322
425,1424255157,1424255157
426,1424252898,1424252898
427,1424255064,1424255064
428,1424253505,1424253505
429,1424253236,1424253236
430,1424253528,1424253528
431,1424252818,1424252818
432,1424253176,1424253176
433,1424251789,1424251789
434,1424253183,1424253183
435,1424255038,1424255038
436,1424251716,1424251716
437,1424252748,1424252748
438,1424253611,1424253611
439,1424252212,1424252212
440,1424254117,1424254117
441,1424253267,1424253267
442,1424253554,1424253554
443,1424252896,1424252896
444,1424254887,1424254887
445,1424253094,1424253094
446,1424253328,1424253328
447,1424253273,1424253273
448,1424255066,1424255066
449,1424254982,1424254982
450,1424251627,1424251627
451,1424255086,1424255086
452,1424254839,1424254839
453,1424251755,1424251755
454,1424254620,1424254620
455,1424255174,1424255174
456,1424252067,1424252067
457,1424251817,1424251817
458,1424252665,1424252665
459,1424251689,1424251689
460,1424255226,1424255226
461,1424251725,1424251725
462,1424254523,1424254523
463,1424254658,1424254658
464,1424253301,1424253301
465,1424252029,1424252029
466,1424252093,1424252093
467,1424252108,1424252108
468,1424254622,1424254622
469,1424254851,1424254851
470,1424252983,1424252983
471,1424253308,1424253308
472,1424254028,1424254028
473,1424253774,1424253774
474,1424252978,1424252978
475,1424253710,1424253710
476,1424253496,1424253496
477,1424252023,1424252023
478,1424253628,1424253628
479,1424252151,1424252151
480,1424254186,1424254186
481,1424253550,1424253550
482,1424253851,1424253851
483,1424251702,1424251702
484,1424253854,1424253854
485,1424254855,1424254855
486,1424254453,1424254453
487,1424253147,1424253147
488,1424252068,1424252068
489,1424253412,1424253412
490,1424252916,1424252916
491,1424251702,1424251702
492,1424251894,1424251894
493,1424252294,1424252294
494,1424254616,1424254616
495,1424254136,1424254136
496,1424255031,1424255031
497,1424252054,1424252054
498,1424254490,1424254490
499,1424252782,1424252782
500,1424255009,1424255009
501,1424252963,1424252963
502,1424253544,1424253544
503,1424254608,1424254608
504,1424260445,1424260445
505,1424259144,1424259144
506,1424259195,1424259195
507,1424259051,1424259051
508,1424260006,1424260006
509,1424260482,1424260482
510,1424259535,1424259535
511,1424259005,1424259005
512,1424261687,1424261687
513,1424260012,1424260012
514,1424260840,1424260840
515,1424262037,1424262037
516,1424260423,1424260423
517,1424259885,1424259885
518,1424259226,1424259226
519,1424259799,1424259799
520,1424261879,1424261879
521,1424261759,1424261759
522,1424260905,1424260905
523,1424258809,1424258809
524,1424252945,1424252948
525,1424260799,1424260799
526,1424260314,1424260314
527,1424261250,1424261250
528,1424261977,1424261977
529,1424259235,1424259235
530,1424261994,1424261994
531,1424261656,1424261656
532,1424258818,1424258818
533,1424260600,1424260600
534,1424261034,1424261034
535,1424259187,1424259187
536,1424260134,1424260134
537,1424259259,1424259259
538,1424259246,1424259246
539,1424260515,1424260515
540,1424258936,1424258936
541,1424259036,1424259036
542,1424262056,1424262056
543,1424260975,1424260975
544,1424259184,1424259184
545,1424259749,1424259749
546,1424259603,1424259603
547,1424260702,1424260702
548,1424259590,1424259590
549,1424259132,1424259132
550,1424259161,1424259161
551,1424259056,1424259056
552,1424259274,1424259274
553,1424259007,1424259007
554,1424260646,1424260646
555,1424259837,1424259837
556,1424259328,1424259328
557,1424259005,1424259005
558,1424258924,1424258924
559,1424260655,1424260655
560,1424259647,1424259647
561,1424258924,1424258924
562,1424260677,1424260677
563,1424260936,1424260936
564,1424260775,1424260775
565,1424260708,1424260708
566,1424260765,1424260765
567,1424261525,1424261525
568,1424260529,1424260529
569,1424260879,1424260879
570,1424261504,1424261504
571,1424259455,1424259455
572,1424258901,1424258901
573,1424260874,1424260874
574,1424260544,1424260544
575,1424260911,1424260911
576,1424260734,1424260734
577,1424259179,1424259179
578,1424260574,1424260574
579,1424260479,1424260479
580,1424261349,1424261349
581,1424260014,1424260014
582,1424259044,1424259044
583,1424260696,1424260696
584,1424259082,1424259082
585,1424260145,1424260145
586,1424260289,1424260289
587,1424261016,1424261016
588,1424259032,1424259032
589,1424259427,1424259427
590,1424260651,1424260651
591,1424260721,1424260721
592,1424259052,1424259052
593,1424261005,1424261005
594,1424261977,1424261977
595,1424259128,1424259128
596,1424261532,1424261532
597,1424259279,1424259279
598,1424260279,1424260279
599,1424260118,1424260118
600,1424259053,1424259053
601,1424260075,1424260075
602,1424260568,1424260568
603,1424260905,1424260905
604,1424260590,1424260590
605,1424256172,1424256173
606,1424251923,1424251923
607,1424260629,1424260629
608,1424260526,1424260526
609,1424259135,1424259135
610,1424261165,1424261165
611,1424261053,1424261053
612,1424260378,1424260378
613,1424262043,1424262043
614,1424260494,1424260494
615,1424259065,1424259065
616,1424259106,1424259106
617,1424260698,1424260698
618,1424261033,1424261033
619,1424260908,1424260908
620,1424259792,1424259792
621,1424260817,1424260817
622,1424261263,1424261263
623,1424260970,1424260970
624,1424259385,1424259385
625,1424262011,1424262011
626,1424261054,1424261054
627,1424261776,1424261776
628,1424260919,1424260919
629,1424260813,1424260813
630,1424261817,1424261817
631,1424261817,1424261817
632,1424260535,1424260535
633,1424260348,1424260348
634,1424261158,1424261158
635,1424260666,1424260666
636,1424260076,1424260076
637,1424261142,1424261142
638,1424259041,1424259041
639,1424259219,1424259219
640,1424260744,1424260744
641,1424260937,1424260937
642,1424258941,1424258941
643,1424259917,1424259917
644,1424259189,1424259189
645,1424261039,1424261039
646,1424259823,1424259823
647,1424258972,1424258972
648,1424260367,1424260367
649,1424260322,1424260322
650,1424261150,1424261150
651,1424260425,1424260425
652,1424261835,1424261835
653,1424260947,1424260947
654,1424260210,1424260210
655,1424260679,1424260679
656,1424259226,1424259226
657,1424261165,1424261165
658,1424260970,1424260970
659,1424259929,1424259929
660,1424259103,1424259103
661,1424259102,1424259102
662,1424258949,1424258949
663,1424259058,1424259058
664,1424261702,1424261702
665,1424260680,1424260680
666,1424261074,1424261074
667,1424260321,1424260321
668,1424259038,1424259038
669,1424260128,1424260128
670,1424261824,1424261824
671,1424259346,1424259346
672,1424259131,1424259131
673,1424261193,1424261193
674,1424259559,1424259559
675,1424260491,1424260491
676,1424259084,1424259084
677,1424259141,1424259141
678,1424259286,1424259286
679,1424258968,1424258968
680,1424261638,1424261638
681,1424260045,1424260045
682,1424260880,1424260880
683,1424261086,1424261086
684,1424259169,1424259169
685,1424260048,1424260048
686,1424261013,1424261013
687,1424259782,1424259782
688,1424258845,1424258845
689,1424259899,1424259899
690,1424258849,1424258849
691,1424260986,1424260986
692,1424259136,1424259136
693,1424260151,1424260151
694,1424259250,1424259250
695,1424259104,1424259104
696,1424260172,1424260172
697,1424261675,1424261675
698,1424260969,1424260969
699,1424258796,1424258796
700,1424253538,1424253538
701,1424250256,1424250256
702,1424260154,1424260155
703,1424255971,1424255972
704,1424251328,1424251329
705,1424260776,1424260776
706,1424250011,1424250012
707,1424259231,1424259232
708,1424258624,1424258624
709,1424257552,1424257553
710,1424259467,1424259510
711,1424256818,1424256818
712,1424254342,1424254399
713,1424257170,1424257170
714,1424250098,1424250098
715,1424252608,1424252609
716,1424261857,1424261858
717,1424259250,1424259250
718,1424260397,1424260433
719,1424258689,1424258689
720,1424251610,1424251610
721,1424251716,1424251716
722,1424251594,1424251594
723,1424251623,1424251623
724,1424251655,1424251655
725,1424259077,1424259081
726,1424251657,1424251657
727,1424251685,1424251685
728,1424251596,1424251596
729,1424251703,1424251703
730,1424251514,1424251514
731,1424251646,1424251646
732,1424251660,1424251660
733,1424251671,1424251671
734,1424251664,1424251664
735,1424251683,1424251683
736,1424251625,1424251625
737,1424251724,1424251724
738,1424261488,1424261488
739,1424251656,1424251656
740,1424251691,1424251691
741,1424251648,1424251648
742,1424258228,1424258228
743,1424251683,1424251683
744,1424251727,1424251727
745,1424251599,1424251599
746,1424251627,1424251627
747,1424251625,1424251625
748,1424251632,1424251632
749,1424251617,1424251617
750,1424254493,1424254495
751,1424251663,1424251663
752,1424251688,1424251688
753,1424251723,1424251723
754,1424251727,1424251727
755,1424251630,1424251630
756,1424251717,1424251717
757,1424251641,1424251641
758,1424251613,1424251613
759,1424251654,1424251654
760,1424251598,1424251598
761,1424254323,1424254324
762,1424257192,1424257192
763,1424251115,1424251116
764,1424257741,1424257741
765,1424257754,1424257755
766,1424260934,1424260935
767,1424258247,1424258247
768,1424261795,1424261855
769,1424251992,1424251994
770,1424259140,1424259141
771,1424253852,1424253853
772,1424254757,1424254757
773,1424254182,1424254183
774,1424254193,1424254194
775,1424254302,1424254312
776,1424260895,1424260895
777,1424254017,1424254018
778,1424254128,1424254129
779,1424258619,1424258620
780,1424254368,1424254370
781,1424253062,1424253062
782,1424256099,1424256102
783,1424260985,1424260986
784,1424258767,1424258773
785,1424253217,1424253217
786,1424255034,1424255034
787,1424254805,1424254805
788,1424251753,1424251753
789,1424251705,1424251705
790,1424251669,1424251669
791,1424252081,1424252081
792,1424251702,1424251702
793,1424252155,1424252155
794,1424255034,1424255034
795,1424253088,1424253088
796,1424254729,1424254729
797,1424254545,1424254545
798,1424253982,1424253982
799,1424254568,1424254568
800,1424254273,1424254273
801,1424253006,1424253006
802,1424252925,1424252925
803,1424251888,1424251888
804,1424252070,1424252070
805,1424254993,1424254993
806,1424251703,1424251703
807,1424254119,1424254119
808,1424253185,1424253185
809,1424254827,1424254827
810,1424254957,1424254957
811,1424254673,1424254673
812,1424252931,1424252931
813,1424251889,1424251915
814,1424253930,1424253930
815,1424254063,1424254063
816,1424253339,1424253339
817,1424254846,1424254846
818,1424253181,1424253181
819,1424253045,1424253045
820,1424253401,1424253401
821,1424251913,1424251913
822,1424251707,1424251707
823,1424253003,1424253003
824,1424254396,1424254396
825,1424254575,1424254575
826,1424254987,1424254987
827,1424253537,1424253537
828,1424251719,1424251719
829,1424251743,1424251743
830,1424252795,1424252795
831,1424253318,1424253318
832,1424253526,1424253526
833,1424252966,1424252966
834,1424252931,1424252931
835,1424255004,1424255004
836,1424254777,1424254777
837,1424252735,1424252735
838,1424251941,1424251941
839,1424252291,1424252291
840,1424252081,1424252081
841,1424252948,1424252948
842,1424253252,1424253252
843,1424254113,1424254113
844,1424252930,1424252930
845,1424253169,1424253169
846,1424253708,1424253708
847,1424253328,1424253328
848,1424254446,1424254446
849,1424254026,1424254026
850,1424254581,1424254581
851,1424253178,1424253178
852,1424252016,1424252016
853,1424253416,1424253416
854,1424252955,1424252955
855,1424251831,1424251831
856,1424255067,1424255067
857,1424254545,1424254545
858,1424252613,1424252613
859,1424252418,1424252418
860,1424253447,1424253447
861,1424255050,1424255050
862,1424253394,1424253394
863,1424251679,1424251679
864,1424251800,1424251800
865,1424253236,1424253236
866,1424251492,1424251493
867,1424252489,1424252489
868,1424253327,1424253327
869,1424254662,1424254662
870,1424253474,1424253474
871,1424254387,1424254387
872,1424254742,1424254742
873,1424253740,1424253740
874,1424254823,1424254823
875,1424253717,1424253717
876,1424256055,1424256086
877,1424255240,1424255240
878,1424254677,1424254677
879,1424255048,1424255048
880,1424254415,1424254415
881,1424255074,1424255074
882,1424253812,1424253812
883,1424251694,1424251694
884,1424254641,1424254641
885,1424253477,1424253477
886,1424252275,1424252275
887,1424251662,1424251662
888,1424253964,1424253964
889,1424254602,1424254602
890,1424253181,1424253181
891,1424255154,1424255154
892,1424251380,1424251380
893,1424253667,1424253667
894,1424254901,1424254901
895,1424252706,1424252706
896,1424253243,1424253243
897,1424253552,1424253552
898,1424253332,1424253332
899,1424252614,1424252614
900,1424253243,1424253243
901,1424254979,1424254979
902,1424251837,1424251837
903,1424252155,1424252155
904,1424253393,1424253393
905,1424253390,1424253390
906,1424252758,1424252758
907,1424253067,1424253067
908,1424251744,1424251744
909,1424255092,1424255092
910,1424252155,1424252155
911,1424251819,1424251819
912,1424253751,1424253751
913,1424253349,1424253349
914,1424252201,1424252201
915,1424252379,1424252379
916,1424253337,1424253337
917,1424253260,1424253260
918,1424254966,1424254966
919,1424252802,1424252802
920,1424252674,1424252674
921,1424251709,1424251709
922,1424252047,1424252047
923,1424254633,1424254633
924,1424252027,1424252027
925,1424253243,1424253243
926,1424253283,1424253283
927,1424255138,1424255138
928,1424252727,1424252727
929,1424253708,1424253708
930,1424253407,1424253407
931,1424252595,1424252595
932,1424255176,1424255176
933,1424254745,1424254745
934,1424255095,1424255095
935,1424251678,1424251678
936,1424254503,1424254503
937,1424253312,1424253312
938,1424254463,1424254463
939,1424253397,1424253397
940,1424251245,1424251246
941,1424252021,1424252021
942,1424251734,1424251734
943,1424253417,1424253417
944,1424254503,1424254503
945,1424252084,1424252084
946,1424253597,1424253597
947,1424254649,1424254649
948,1424252155,1424252155
949,1424252743,1424252743
950,1424253103,1424253103
951,1424251919,1424251919
952,1424254075,1424254075
953,1424255034,1424255034
954,1424254796,1424254796
955,1424255219,1424255219
956,1424253903,1424253903
957,1424254606,1424254606
958,1424253308,1424253308
959,1424254686,1424254686
960,1424253919,1424253919
961,1424255142,1424255142
962,1424254810,1424254810
963,1424253972,1424253972
964,1424253837,1424253837
965,1424253408,1424253408
966,1424254944,1424254944
967,1424254330,1424254330
968,1424252701,1424252701
969,1424254062,1424254062
970,1424251966,1424251966
971,1424255095,1424255095
972,1424253274,1424253274
973,1424251847,1424251847
974,1424254677,1424254677
975,1424252881,1424252881
976,1424253265,1424253265
977,1424253992,1424253992
978,1424255087,1424255087
979,1424254858,1424254858
980,1424255216,1424255216
981,1424251684,1424251684
982,1424253454,1424253454
983,1424254834,1424254834
984,1424253366,1424253366
985,1424253506,1424253506
986,1424254780,1424254780
987,1424252750,1424252750
988,1424252067,1424252067
989,1424254873,1424254873
990,1424252701,1424252701
991,1424251897,1424251897
992,1424253243,1424253243
993,1424253163,1424253163
994,1424253230,1424253230
995,1424252756,1424252756
996,1424252292,1424252292
997,1424253189,1424253189
998,1424254612,1424254612
999,1424253756,1424253756
1000,1424251860,1424251860
1001,1424254205,1424254205
1002,1424254987,1424254987
1003,1424253440,1424253440
1004,1424251723,1424251723
1005,1424259814,1424259816
1006,1424261109,1424261109
1007,1424259862,1424259863
1008,1424261281,1424261282
1009,1424259951,1424259953
1010,1424259938,1424259939
1011,1424259752,1424259753
1012,1424253451,1424253452
1013,1424257364,1424257365
1014,1424253051,1424253052
1015,1424255632,1424255632
1016,1424252139,1424252141
1017,1424252047,1424252047
1018,1424253324,1424253324
1019,1424261161,1424261172
1020,1424253264,1424253264
1021,1424257899,1424257899
1022,1424258097,1424258097
1023,1424259935,1424259936
1024,1424250100,1424250100
1025,1424261098,1424261099
1026,1424259805,1424259806
1027,1424250462,1424250463
1028,1424250129,1424250129
1029,1424252209,1424252212
1030,1424252675,1424252677
1031,1424254253,1424254253
1032,1424254004,1424254004
1033,1424254082,1424254082
1034,1424254101,1424254101
1035,1424257008,1424257009
1036,1424259371,1424259373
1037,1424256757,1424256757
1038,1424254253,1424254253
1039,1424253344,1424253344
1040,1424256316,1424256317
1041,1424254117,1424254117
1042,1424252542,1424252545
1043,1424252452,1424252453
1044,1424253490,1424253490
1045,1424260171,1424260172
1046,1424259607,1424259650
1047,1424252647,1424252648
1048,1424258745,1424258745
1049,1424252745,1424252746
1050,1424252940,1424252941
1051,1424258893,1424258894
1052,1424258991,1424258992
1053,1424251294,1424251294
1054,1424261894,1424261894
1055,1424258924,1424258925
1056,1424250176,1424250176
1057,1424261327,1424261327
1058,1424250491,1424250493
1059,1424250182,1424250183
1060,1424251597,1424251598
1061,1424250991,1424251002
1062,1424260199,1424260200
1063,1424261188,1424261189
1064,1424260706,1424260707
1065,1424258882,1424258882
1066,1424258824,1424258824
1067,1424258809,1424258809
1068,1424258895,1424258895
1069,1424258849,1424258849
1070,1424258868,1424258868
1071,1424258865,1424258865
1072,1424258888,1424258888
1073,1424258781,1424258781
1074,1424258865,1424258865
1075,1424258839,1424258839
1076,1424258882,1424258882
1077,1424258822,1424258822
1078,1424258845,1424258845
1079,1424258857,1424258857
1080,1424258844,1424258844
1081,1424258879,1424258879
1082,1424258840,1424258840
1083,1424258814,1424258814
1084,1424258831,1424258831
1085,1424258904,1424258904
1086,1424258813,1424258813
1087,1424258877,1424258877
1088,1424258771,1424258771
1089,1424258854,1424258854
1090,1424258843,1424258843
1091,1424258767,1424258767
1092,1424258771,1424258771
1093,1424258824,1424258824
1094,1424258887,1424258887
1095,1424258833,1424258833
1096,1424258767,1424258767
1097,1424258829,1424258829
1098,1424258889,1424258889
1099,1424258796,1424258796
1100,1424258890,1424258890
1101,1424259947,1424259948
1102,1424252807,1424252808
1103,1424256566,1424256568
1104,1424260123,1424260123
1105,1424252820,1424252821
1106,1424252143,1424252143
1107,1424256685,1424256685
1108,1424256834,1424256834
1109,1424261706,1424261707
1110,1424258429,1424258430
1111,1424261654,1424261654
1112,1424261717,1424261717
1113,1424261403,1424261404
1114,1424261198,1424261199
1115,1424258594,1424258594
1116,1424261076,1424261077
1117,1424261058,1424261059
1118,1424253342,1424253344
1119,1424259470,1424259471
1120,1424259464,1424259465
1121,1424251102,1424251103
1122,1424256603,1424256604
1123,1424252796,1424252798
1124,1424257039,1424257039
1125,1424260724,1424260724
1126,1424257035,1424257035
1127,1424252565,1424252566
1128,1424256272,1424256276
1129,1424251738,1424251739
1130,1424251729,1424251730
1131,1424252319,1424252320
1132,1424251875,1424251876
1133,1424259669,1424259670
1134,1424261000,1424261000
1135,1424260524,1424260524
1136,1424253100,1424253101
1137,1424260943,1424260944
1138,1424253080,1424253082
1139,1424261667,1424261667
1140,1424256370,1424256371
1141,1424252067,1424252067
1142,1424254276,1424254278
1143,1424252463,1424252465
1144,1424252718,1424252718
1145,1424260198,1424260199
1146,1424259924,1424259924
1147,1424252144,1424252144
1148,1424260158,1424260159
1149,1424256498,1424256500
1150,1424259958,1424259958
1151,1424256699,1424256700
1152,1424256673,1424256673
1153,1424252784,1424252784
1154,1424255599,1424255599
1155,1424255198,1424255199
1156,1424254170,1424254172
1157,1424254566,1424254566
1158,1424259487,1424259487
1159,1424257303,1424257303
1160,1424251617,1424251618
1161,1424253770,1424253771
1162,1424255989,1424255991
1163,1424254168,1424254170
1164,1424250561,1424250561
1165,1424258087,1424258087
1166,1424256309,1424256310
1167,1424257763,1424257763
1168,1424257902,1424257902
1169,1424261881,1424261881
1170,1424257459,1424257459
1171,1424260772,1424260772
1172,1424252729,1424252729
1173,1424260729,1424260729
1174,1424250045,1424250045
1175,1424254404,1424254404
1176,1424260449,1424260449
1177,1424259590,1424259590
1178,1424253659,1424253659
1179,1424251087,1424251087
1180,1424254853,1424254854
1181,1424261141,1424261141
1182,1424258162,1424258162
1183,1424259040,1424259041
1184,1424252076,1424252076
1185,1424252229,1424252229
1186,1424260797,1424260797
1187,1424252964,1424252964
1188,1424257889,1424257889
1189,1424256126,1424256126
1190,1424250241,1424250241
1191,1424252119,1424252119
1192,1424251694,1424251694
1193,1424252975,1424252975
1194,1424252253,1424252253
1195,1424255222,1424255222
1196,1424260207,1424260207
1197,1424251676,1424251681
1198,1424251708,1424251708
1199,1424256827,1424256828
1200,1424250269,1424250269
1201,1424260079,1424260079
1202,1424255745,1424255746
1203,1424254615,1424254615
1204,1424257885,1424257885
1205,1424256232,1424256232
1206,1424257746,1424257746
1207,1424259686,1424259686
1208,1424253616,1424253616
1209,1424253849,1424253868
1210,1424250850,1424250850
1211,1424258572,1424258572
1212,1424255210,1424255212
1213,1424254115,1424254115
1214,1424251346,1424251346
1215,1424252296,1424252296
1216,1424253213,1424253213
1217,1424253940,1424253940
1218,1424250388,1424250388
1219,1424260154,1424260154
1220,1424253387,1424253387
1221,1424255000,1424255000
1222,1424258701,1424258701
1223,1424250988,1424250988
1224,1424261549,1424261549
1225,1424254869,1424254869
1226,1424252676,1424252676
1227,1424260918,1424260918
1228,1424254178,1424254178
1229,1424260320,1424260320
1230,1424259565,1424259565
1231,1424251959,1424251959
1232,1424259335,1424259335
1233,1424254043,1424254043
1234,1424255098,1424255099
1235,1424255750,1424255752
1236,1424262052,1424262052
1237,1424252025,1424252036
1238,1424252049,1424252049
1239,1424256096,1424256096
1240,1424261042,1424261042
1241,1424254057,1424254057
1242,1424250803,1424250804
1243,1424256847,1424256847
1244,1424254577,1424254577
1245,1424258834,1424258835
1246,1424256535,1424256535
1247,1424256781,1424256781
1248,1424250454,1424250458
1249,1424253962,1424253962
1250,1424250883,1424250883
1251,1424261432,1424261433
1252,1424257221,1424257221
1253,1424254320,1424254320
1254,1424252100,1424252101
1255,1424257220,1424257221
1256,1424253628,1424253628
1257,1424254462,1424254463
1258,1424253481,1424253482
1259,1424255610,1424255610
1260,1424253446,1424253457
1261,1424255070,1424255070
1262,1424258425,1424258425
1263,1424259591,1424259591
1264,1424256122,1424256122
1265,1424252067,1424252067
1266,1424252174,1424252174
1267,1424254701,1424254701
1268,1424256969,1424256969
1269,1424261100,1424261100
1270,1424252710,1424252710
1271,1424250722,1424250722
1272,1424251912,1424251913
1273,1424253443,1424253443
1274,1424253550,1424253550
1275,1424260523,1424260523
1276,1424254554,1424254554
1277,1424259821,1424259821
1278,1424261707,1424261708
1279,1424256271,1424256271
1280,1424250459,1424250459
1281,1424252455,1424252455
1282,1424253295,1424253295
1283,1424260357,1424260357
1284,1424254699,1424254699
1285,1424252036,1424252036
1286,1424261970,1424261970
1287,1424254441,1424254441
1288,1424261198,1424261199
1289,1424251393,1424251394
1290,1424256642,1424256642
1291,1424254771,1424254771
1292,1424256327,1424256327
1293,1424251493,1424251493
1294,1424254054,1424254054
1295,1424253413,1424253429
1296,1424256353,1424256354
1297,1424253962,1424253962
1298,1424253333,1424253334
1299,1424250709,1424250709
1300,1424251679,1424251679
1301,1424250298,1424250308
1302,1424256397,1424256398
1303,1424251620,1424251620
1304,1424257904,1424257904
1305,1424257831,1424257831
1306,1424251647,1424251647
1307,1424256306,1424256306
1308,1424255679,1424255679
1309,1424258005,1424258005
1310,1424259320,1424259320
1311,1424254163,1424254163
1312,1424250963,1424250965
1313,1424261459,1424261460
1314,1424256327,1424256327
1315,1424254342,1424254342
1316,1424257630,1424257630
1317,1424259324,1424259324
1318,1424252127,1424252127
1319,1424256689,1424256689
1320,1424260598,1424260598
1321,1424258203,1424258203
1322,1424254600,1424254600
1323,1424254424,1424254424
1324,1424259810,1424259812
1325,1424256821,1424256821
1326,1424252269,1424252269
1327,1424257965,1424257965
1328,1424260674,1424260674
1329,1424255684,1424255684
1330,1424251579,1424251579
1331,1424259729,1424259729
1332,1424258834,1424258834
1333,1424250980,1424250981
1334,1424254592,1424254592
1335,1424255031,1424255031
1336,1424254700,1424254700
1337,1424256495,1424256495
1338,1424256616,1424256616
1339,1424259012,1424259012
1340,1424255806,1424255807
1341,1424252036,1424252036
1342,1424254517,1424254517
1343,1424256966,1424256966
1344,1424253521,1424253521
1345,1424255716,1424255716
1346,1424258007,1424258008
1347,1424252094,1424252094
1348,1424254824,1424254824
1349,1424252157,1424252157
1350,1424258988,1424259014
1351,1424262011,1424262011
1352,1424254085,1424254086
1353,1424252447,1424252449
1354,1424259079,1424259079
1355,1424255044,1424255045
1356,1424256995,1424256995
1357,1424259171,1424259171
1358,1424253967,1424253967
1359,1424255949,1424255949
1360,1424252173,1424252173
1361,1424261930,1424261930
1362,1424258266,1424258267
1363,1424260126,1424260126
1364,1424253713,1424253714
1365,1424259209,1424259209
1366,1424259467,1424259467
1367,1424250918,1424250918
1368,1424261390,1424261390
1369,1424252485,1424252485
1370,1424256106,1424256109
1371,1424251979,1424251980
1372,1424260076,1424260076
1373,1424251494,1424251494
1374,1424252918,1424252918
1375,1424257323,1424257323
1376,1424252297,1424252297
1377,1424251145,1424251145
1378,1424257926,1424257926
1379,1424260052,1424260052
1380,1424261816,1424261816
1381,1424261537,1424261537
1382,1424257062,1424257062
1383,1424261780,1424261780
1384,1424259407,1424259408
1385,1424254373,1424254373
1386,1424256101,1424256101
1387,1424255666,1424255668
1388,1424256636,1424256636
1389,1424255052,1424255053
1390,1424256091,1424256091
1391,1424261135,1424261135
1392,1424255782,1424255782
1393,1424254895,1424254895
1394,1424260809,1424260810
1395,1424256332,1424256333
1396,1424255991,1424255991
1397,1424251872,1424251872
1398,1424251276,1424251276
1399,1424251709,1424251709
1400,1424252207,1424252207
1401,1424253322,1424253325
1402,1424256017,1424256027
1403,1424254859,1424254859
1404,1424261946,1424261946
1405,1424259974,1424259974
1406,1424257086,1424257087
1407,1424251201,1424251201
1408,1424260751,1424260753
1409,1424255191,1424255191
1410,1424250857,1424250857
1411,1424251206,1424251206
1412,1424257210,1424257210
1413,1424251965,1424251965
1414,1424262054,1424262054
1415,1424253872,1424253872
1416,1424259743,1424259743
1417,1424257751,1424257752
1418,1424255263,1424255264
1419,1424250081,1424250081
1420,1424254447,1424254447
1421,1424259924,1424259924
1422,1424256770,1424256770
1423,1424260904,1424260904
1424,1424251518,1424251519
1425,1424250916,1424250916
1426,1424261958,1424261961
1427,1424256707,1424256707
1428,1424253101,1424253101
1429,1424257268,1424257268
1430,1424255682,1424255682
1431,1424256707,1424256707
1432,1424252241,1424252241
1433,1424252732,1424252732
1434,1424259079,1424259079
1435,1424261710,1424261710
1436,1424260551,1424260551
1437,1424259871,1424259871
1438,1424250798,1424250799
1439,1424250047,1424250047
1440,1424253723,1424253723
1441,1424259976,1424259976
1442,1424259056,1424259056
1443,1424255955,1424255955
1444,1424261084,1424261084
1445,1424259641,1424259642
1446,1424261705,1424261705
1447,1424251609,1424251609
1448,1424254895,1424254895
1449,1424251982,1424251982
1450,1424254671,1424254671
1451,1424253565,1424253565
1452,1424253037,1424253037
1453,1424259736,1424259736
1454,1424253891,1424253891
1455,1424256826,1424256826
1456,1424251648,1424251648
1457,1424256665,1424256665
1458,1424260004,1424260004
1459,1424259033,1424259033
1460,1424260425,1424260425
1461,1424261393,1424261393
1462,1424259943,1424259943
1463,1424260249,1424260249
1464,1424261883,1424261883
1465,1424255190,1424255190
1466,1424252855,1424252855
1467,1424252496,1424252496
1468,1424257286,1424257286
1469,1424257784,1424257784
1470,1424250190,1424250191
1471,1424251872,1424251875
1472,1424261881,1424261881
1473,1424255159,1424255159
1474,1424251845,1424251845
1475,1424260097,1424260098
1476,1424259193,1424259193
1477,1424254896,1424254897
1478,1424252644,1424252644
1479,1424256450,1424256450
1480,1424254947,1424254947
1481,1424259899,1424259900
1482,1424259224,1424259225
1483,1424253925,1424253925
1484,1424257380,1424257380
1485,1424257432,1424257432
1486,1424251435,1424251435
1487,1424251638,1424251638
1488,1424261243,1424261243
1489,1424252523,1424252523
1490,1424260359,1424260359
1491,1424250876,1424250876
1492,1424260709,1424260710
1493,1424261230,1424261230
1494,1424260550,1424260550
1495,1424261870,1424261870
1496,1424261383,1424261383
1497,1424250339,1424250341
1498,1424250971,1424250971
1499,1424252647,1424252647
1500,1424260865,1424260865
1501,1424254584,1424254584
1502,1424251628,1424251628
1503,1424255845,1424255845
1504,1424258701,1424258702
1505,1424259371,1424259371
1506,1424254181,1424254181
1507,1424261700,1424261700
1508,1424260849,1424260849
1509,1424259443,1424259443
1510,1424252531,1424252531
1511,1424259531,1424259531
1512,1424260841,1424260842
1513,1424261195,1424261195
1514,1424250295,1424250296
1515,1424251503,1424251513
1516,1424258738,1424258738
1517,1424252110,1424252110
1518,1424253054,1424253054
1519,1424250766,1424250766
1520,1424257214,1424257214
1521,1424256056,1424256056
1522,1424250446,1424250446
1523,1424259210,1424259215
1524,1424261169,1424261169
1525,1424254436,1424254437
1526,1424254684,1424254685
1527,1424253009,1424253009
1528,1424251843,1424251843
1529,1424260947,1424260947
1530,1424257936,1424257936
1531,1424256250,1424256250
1532,1424251268,1424251268
1533,1424259733,1424259733
1534,1424252140,1424252143
1535,1424253185,1424253185
1536,1424250906,1424250907
1537,1424256928,1424256928
1538,1424251671,1424251671
1539,1424252433,1424252434
1540,1424258285,1424258285
1541,1424255030,1424255031
1542,1424255856,1424255856
1543,1424259125,1424259126
1544,1424250086,1424250086
1545,1424256730,1424256730
1546,1424251604,1424251604
1547,1424257068,1424257069
1548,1424254298,1424254299
1549,1424259749,1424259749
1550,1424257349,1424257349
1551,1424259596,1424259596
1552,1424258211,1424258211
1553,1424261873,1424261873
1554,1424258607,1424258607
1555,1424250127,1424250128
1556,1424255188,1424255188
1557,1424254885,1424254885
1558,1424254374,1424254374
1559,1424255179,1424255179
1560,1424256598,1424256598
1561,1424252589,1424252589
1562,1424251540,1424251541
1563,1424258911,1424258911
1564,1424256535,1424256536
1565,1424260579,1424260579
1566,1424253688,1424253689
1567,1424254469,1424254469
1568,1424258690,1424258691
1569,1424250860,1424250860
1570,1424254956,1424254956
1571,1424257276,1424257276
1572,1424258723,1424258723
1573,1424257582,1424257582
1574,1424253130,1424253130
1575,1424257489,1424257489
1576,1424256830,1424256830
1577,1424260014,1424260014
1578,1424260520,1424260521
1579,1424255214,1424255214
1580,1424250493,1424250493
1581,1424256592,1424256593
1582,1424250799,1424250800
1583,1424261499,1424261499
1584,1424257344,1424257351
1585,1424255760,1424255760
1586,1424258552,1424258552
1587,1424251155,1424251155
1588,1424260302,1424260302
1589,1424250435,1424250435
1590,1424256738,1424256738
1591,1424260851,1424260851
1592,1424257814,1424257815
1593,1424257691,1424257691
1594,1424254971,1424254971
1595,1424260977,1424260978
1596,1424258790,1424258790
1597,1424258784,1424258786
1598,1424256939,1424256939
1599,1424257490,1424257490
1600,1424254111,1424254111
1601,1424250885,1424250885
1602,1424254929,1424254929
1603,1424252142,1424252142
1604,1424252117,1424252117
1605,1424252105,1424252106
1606,1424256122,1424256122
1607,1424255781,1424255781
1608,1424260919,1424260919
1609,1424253084,1424253084
1610,1424256724,1424256726
1611,1424254748,1424254748
1612,1424254808,1424254808
1613,1424259313,1424259314
1614,1424261808,1424261809
1615,1424253230,1424253232
1616,1424261313,1424261314
1617,1424255149,1424255149
1618,1424253704,1424253704
1619,1424260570,1424260570
1620,1424259147,1424259147
1621,1424250458,1424250460
1622,1424258064,1424258064
1623,1424262061,1424262061
1624,1424252849,1424252849
1625,1424253715,1424253715
1626,1424250548,1424250548
1627,1424259933,1424259933
1628,1424250101,1424250101
1629,1424250447,1424250447
1630,1424259969,1424259969
1631,1424256729,1424256731
1632,1424259670,1424259670
1633,1424256933,1424256933
1634,1424251841,1424251841
1635,1424256857,1424256870
1636,1424260079,1424260079
1637,1424252502,1424252502
1638,1424251472,1424251472
1639,1424250652,1424250653
1640,1424255037,1424255037
1641,1424258697,1424258697
1642,1424254573,1424254573
1643,1424257803,1424257803
1644,1424260474,1424260474
1645,1424250511,1424250511
1646,1424253755,1424253755
1647,1424257635,1424257635
1648,1424261699,1424261699
1649,1424260475,1424260475
1650,1424258066,1424258066
1651,1424257342,1424257342
1652,1424250791,1424250791
1653,1424259140,1424259141
1654,1424253395,1424253396
1655,1424261919,1424261919
1656,1424258071,1424258072
1657,1424258813,1424258813
1658,1424260640,1424260640
1659,1424254188,1424254188
1660,1424259815,1424259815
1661,1424256493,1424256493
1662,1424261131,1424261131
1663,1424258027,1424258027
1664,1424256285,1424256288
1665,1424259553,1424259553
1666,1424256170,1424256171
1667,1424259131,1424259132
1668,1424260545,1424260545
1669,1424256384,1424256384
1670,1424259142,1424259142
1671,1424258972,1424258972
1672,1424260279,1424260279
1673,1424259390,1424259390
1674,1424255924,1424255924
1675,1424254980,1424254981
1676,1424260758,1424260762
1677,1424256384,1424256384
1678,1424257853,1424257853
1679,1424254404,1424254404
1680,1424253283,1424253284
1681,1424254680,1424254680
1682,1424251584,1424251584
1683,1424255646,1424255646
1684,1424252300,1424252300
1685,1424253263,1424253264
1686,1424256908,1424256908
1687,1424251187,1424251187
1688,1424261249,1424261249
1689,1424257502,1424257502
1690,1424259804,1424259804
1691,1424253245,1424253245
1692,1424254293,1424254294
1693,1424250895,1424250895
1694,1424250514,1424250514
1695,1424250979,1424250980
1696,1424255861,1424255861
1697,1424259238,1424259238
1698,1424261501,1424261501
1699,1424259548,1424259548
1700,1424252182,1424252185
1701,1424258050,1424258051
1702,1424258529,1424258530
1703,1424251398,1424251398
1704,1424254473,1424254474
1705,1424257684,1424257684
1706,1424250607,1424250608
1707,1424254458,1424254458
1708,1424251613,1424251613
1709,1424261360,1424261360
1710,1424258145,1424258145
1711,1424251058,1424251058
1712,1424251515,1424251515
1713,1424258257,1424258257
1714,1424258754,1424258755
1715,1424254246,1424254247
1716,1424252569,1424252569
1717,1424256884,1424256885
1718,1424258755,1424258755
1719,1424261865,1424261865
1720,1424260649,1424260650
1721,1424252575,1424252576
1722,1424259637,1424259637
1723,1424250619,1424250619
1724,1424253389,1424253389
1725,1424252865,1424252865
1726,1424252343,1424252343
1727,1424260756,1424260756
1728,1424254133,1424254133
1729,1424251362,1424251362
1730,1424261720,1424261720
1731,1424250071,1424250071
1732,1424256666,1424256666
1733,1424252437,1424252437
1734,1424254518,1424254518
1735,1424252179,1424252179
1736,1424251941,1424251941
1737,1424258822,1424258822
1738,1424259929,1424259931
1739,1424254665,1424254665
1740,1424259129,1424259129
1741,1424259153,1424259154
1742,1424260772,1424260773
1743,1424250824,1424250824
1744,1424254448,1424254448
1745,1424261619,1424261626
1746,1424251323,1424251323
1747,1424261359,1424261359
1748,1424251296,1424251296
1749,1424253869,1424253869
1750,1424257603,1424257603
1751,1424262043,1424262043
1752,1424257645,1424257645
1753,1424251647,1424251647
1754,1424258418,1424258419
1755,1424261850,1424261851
1756,1424258561,1424258561
1757,1424256381,1424256382
1758,1424250427,1424250429
1759,1424255813,1424255813
1760,1424261538,1424261538
1761,1424254455,1424254455
1762,1424260603,1424260603
1763,1424251767,1424251767
1764,1424260069,1424260069
1765,1424254912,1424254912
1766,1424258140,1424258140
1767,1424256429,1424256429
1768,1424255584,1424255584
1769,1424251389,1424251389
1770,1424256740,1424256741
1771,1424252382,1424252382
1772,1424256138,1424256139
1773,1424256534,1424256534
1774,1424258651,1424258651
1775,1424260124,1424260125
1776,1424259309,1424259310
1777,1424250291,1424250291
1778,1424257211,1424257211
1779,1424260430,1424260431
1780,1424254965,1424254965
1781,1424250365,1424250365
1782,1424260337,1424260337
1783,1424253093,1424253093
1784,1424255045,1424255045
1785,1424252645,1424252645
1786,1424254252,1424254254
1787,1424257017,1424257017
1788,1424254393,1424254394
1789,1424257020,1424257020
1790,1424257516,1424257527
1791,1424254881,1424254884
1792,1424261285,1424261285
1793,1424251601,1424251601
1794,1424253737,1424253737
1795,1424251119,1424251119
1796,1424259361,1424259361
1797,1424259088,1424259088
1798,1424253331,1424253331
1799,1424252354,1424252354
1800,1424253004,1424253004
1801,1424261964,1424261964
1802,1424253316,1424253316
1803,1424260208,1424260208
1804,1424260341,1424260342
1805,1424255909,1424255909
1806,1424259714,1424259714
1807,1424258922,1424258926
1808,1424255011,1424255011
1809,1424252685,1424252685
1810,1424262063,1424262063
1811,1424252085,1424252086
1812,1424255755,1424255755
1813,1424251741,1424251741
1814,1424255921,1424255921
1815,1424255255,1424255255
1816,1424260488,1424260488
1817,1424254209,1424254209
1818,1424257009,1424257010
1819,1424254304,1424254305
1820,1424251475,1424251475
1821,1424252089,1424252089
1822,1424254988,1424254988
1823,1424254553,1424254553
1824,1424253909,1424253909
1825,1424259597,1424259597
1826,1424253311,1424253311
1827,1424253990,1424253992
1828,1424255129,1424255130
1829,1424254635,1424254635
1830,1424259778,1424259778
1831,1424253153,1424253153
1832,1424251672,1424251672
1833,1424252317,1424252318
1834,1424254402,1424254402
1835,1424257503,1424257503
1836,1424254988,1424254988
1837,1424257497,1424257498
1838,1424253848,1424253848
1839,1424252564,1424252564
1840,1424256810,1424256811
1841,1424257428,1424257434
1842,1424259247,1424259247
1843,1424253621,1424253622
1844,1424261885,1424261885
1845,1424250051,1424250051
1846,1424260927,1424260927
1847,1424255126,1424255126
1848,1424250322,1424250322
1849,1424260717,1424260720
1850,1424254424,1424254424
1851,1424259624,1424259624
1852,1424257884,1424257885
1853,1424261136,1424261137
1854,1424258970,1424258970
1855,1424250587,1424250587
1856,1424253673,1424253673
1857,1424251576,1424251576
1858,1424261632,1424261632
1859,1424252533,1424252534
1860,1424251431,1424251432
1861,1424252897,1424252898
1862,1424257694,1424257694
1863,1424254309,1424254309
1864,1424261025,1424261025
1865,1424253572,1424253572
1866,1424252814,1424252816
1867,1424253953,1424253953
1868,1424256126,1424256126
1869,1424259387,1424259387
1870,1424252699,1424252699
1871,1424257791,1424257791
1872,1424261393,1424261393
1873,1424254118,1424254119
1874,1424260909,1424260909
1875,1424251180,1424251180
1876,1424256077,1424256077
1877,1424250866,1424250867
1878,1424260053,1424260054
1879,1424254476,1424254476
1880,1424251170,1424251170
1881,1424254940,1424254940
1882,1424256773,1424256773
1883,1424260833,1424260833
1884,1424258982,1424258982
1885,1424258019,1424258019
1886,1424255920,1424255920
1887,1424257804,1424257805
1888,1424251681,1424251682
1889,1424255999,1424255999
1890,1424253180,1424253180
1891,1424260238,1424260238
1892,1424260393,1424260393
1893,1424261414,1424261414
1894,1424261232,1424261232
1895,1424258466,1424258466
1896,1424259121,1424259121
1897,1424255654,1424255654
1898,1424260931,1424260932
1899,1424260090,1424260090
1900,1424254802,1424254802
1901,1424250036,1424250037
1902,1424251351,1424251352
1903,1424256611,1424256611
1904,1424254033,1424254033
1905,1424254621,1424254621
1906,1424252307,1424252308
1907,1424250955,1424250956
1908,1424260847,1424260847
1909,1424253264,1424253264
1910,1424251945,1424251945
1911,1424258447,1424258448
1912,1424254715,1424254715
1913,1424253483,1424253484
1914,1424250909,1424250909
1915,1424252144,1424252145
1916,1424250386,1424250386
1917,1424253695,1424253695
1918,1424252821,1424252821
1919,1424259441,1424259442
1920,1424261711,1424261711
1921,1424258109,1424258109
1922,1424259599,1424259599
1923,1424253041,1424253042
1924,1424260315,1424260315
1925,1424257069,1424257069
1926,1424251451,1424251451
1927,1424258730,1424258730
1928,1424261729,1424261729
1929,1424255009,1424255009
1930,1424257879,1424257879
1931,1424260428,1424260428
1932,1424259159,1424259160
1933,1424260865,1424260865
1934,1424250453,1424250453
1935,1424250650,1424250650
1936,1424261087,1424261087
1937,1424255656,1424255664
1938,1424260019,1424260019
1939,1424257390,1424257390
1940,1424250650,1424250650
1941,1424258607,1424258607
1942,1424259345,1424259345
1943,1424251208,1424251208
1944,1424254495,1424254495
1945,1424252801,1424252801
1946,1424261980,1424261981
1947,1424252550,1424252551
1948,1424253527,1424253527
1949,1424257494,1424257494
1950,1424250863,1424250864
1951,1424251853,1424251854
1952,1424258038,1424258039
1953,1424261877,1424261879
1954,1424259785,1424259785
1955,1424260482,1424260482
1956,1424251153,1424251153
1957,1424253484,1424253484
1958,1424251771,1424251772
1959,1424258952,1424258952
1960,1424261305,1424261305
1961,1424251728,1424251728
1962,1424261032,1424261032
1963,1424252396,1424252396
1964,1424256219,1424256219
1965,1424257660,1424257660
1966,1424256988,1424256988
1967,1424255171,1424255171
1968,1424255723,1424255723
1969,1424259329,1424259329
1970,1424258976,1424258977
1971,1424260274,1424260274
1972,1424252575,1424252575
1973,1424251184,1424251184
1974,1424258097,1424258097
1975,1424258153,1424258153
1976,1424251994,1424251995
1977,1424261368,1424261368
1978,1424260803,1424260803
1979,1424257947,1424257947
1980,1424251244,1424251244
1981,1424257173,1424257173
1982,1424254810,1424254810
1983,1424258852,1424258852
1984,1424256915,1424256915
1985,1424261545,1424261545
1986,1424253708,1424253709
1987,1424261336,1424261337
1988,1424250330,1424250330
1989,1424256302,1424256303
1990,1424252255,1424252255
1991,1424257854,1424257854
1992,1424251062,1424251062
1993,1424252746,1424252746
1994,1424257985,1424257985
1995,1424260857,1424260857
1996,1424250077,1424250078
1997,1424261327,1424261327
1998,1424257181,1424257181
1999,1424252312,1424252312
2000,1424260074,1424260076
2001,1424254703,1424254703
2002,1424256907,1424256907
2003,1424258233,1424258233
2004,1424253980,1424253981
2005,1424259108,1424259115
2006,1424254398,1424254398
2007,1424257203,1424257203
2008,1424254955,1424254955
2009,1424260931,1424260931
2010,1424255224,1424255224
2011,1424258896,1424258896
2012,1424260135,1424260136
2013,1424251108,1424251108
2014,1424261950,1424261950
2015,1424256665,1424256667
2016,1424259130,1424259130
2017,1424257740,1424257741
2018,1424258862,1424258863
2019,1424250171,1424250171
2020,1424254769,1424254769
2021,1424259273,1424259273
2022,1424259004,1424259004
2023,1424259109,1424259109
2024,1424256724,1424256724
2025,1424255685,1424255686
2026,1424253499,1424253499
2027,1424251595,1424251596
2028,1424254913,1424254913
2029,1424259508,1424259508
2030,1424259508,1424259508
2031,1424260874,1424260874
2032,1424257315,1424257315
2033,1424250754,1424250754
2034,1424257769,1424257769
2035,1424251626,1424251627
2036,1424254997,1424254997
2037,1424260682,1424260682
2038,1424260039,1424260040
2039,1424258216,1424258216
2040,1424252392,1424252392
2041,1424250539,1424250539
2042,1424251208,1424251208
2043,1424261190,1424261190
2044,1424256091,1424256092
2045,1424259850,1424259852
2046,1424252937,1424252937
2047,1424258593,1424258593
2048,1424260768,1424260768
2049,1424256905,1424256948
2050,1424251537,1424251537
2051,1424260086,1424260086
2052,1424255812,1424255813
2053,1424256691,1424256691
2054,1424254435,1424254435
2055,1424254153,1424254154
2056,1424253946,1424253946
2057,1424254234,1424254234
2058,1424256703,1424256704
2059,1424257643,1424257643
2060,1424251934,1424251934
2061,1424255931,1424255931
2062,1424253706,1424253706
2063,1424257046,1424257046
2064,1424260354,1424260354
2065,1424258745,1424258745
2066,1424252953,1424252953
2067,1424251490,1424251491
2068,1424254011,1424254011
2069,1424261802,1424261802
2070,1424258748,1424258748
2071,1424259386,1424259386
2072,1424257952,1424257953
2073,1424257988,1424257991
2074,1424261022,1424261022
2075,1424259212,1424259212
2076,1424250070,1424250070
2077,1424257291,1424257291
2078,1424252737,1424252738
2079,1424259628,1424259628
2080,1424250873,1424250873
2081,1424251356,1424251363
2082,1424259611,1424259612
2083,1424258038,1424258038
2084,1424256674,1424256674
2085,1424261796,1424261796
2086,1424260816,1424260816
2087,1424254860,1424254861
2088,1424256655,1424256655
2089,1424250254,1424250254
2090,1424254515,1424254515
2091,1424261706,1424261706
2092,1424261216,1424261216
2093,1424255034,1424255034
2094,1424252745,1424252745
2095,1424252595,1424252595
2096,1424256289,1424256289
2097,1424251171,1424251171
2098,1424252143,1424252144
2099,1424258651,1424258651
2100,1424251700,1424251700
2101,1424250657,1424250657
2102,1424256087,1424256087
2103,1424261443,1424261444
2104,1424260455,1424260457
2105,1424251160,1424251160
2106,1424255597,1424255597
2107,1424259756,1424259756
2108,1424250411,1424250411
2109,1424258480,1424258480
2110,1424254573,1424254573
2111,1424254064,1424254064
2112,1424259872,1424259873
2113,1424251250,1424251250
2114,1424251307,1424251307
2115,1424250806,1424250806
2116,1424252642,1424252642
2117,1424259078,1424259079
2118,1424257535,1424257535
2119,1424254856,1424254857
2120,1424258825,1424258826
2121,1424255820,1424255821
2122,1424252972,1424252973
2123,1424258270,1424258270
2124,1424250201,1424250201
2125,1424260870,1424260871
2126,1424259923,1424259923
2127,1424253555,1424253556
2128,1424252054,1424252074
2129,1424257472,1424257472
2130,1424261139,1424261139
2131,1424250051,1424250051
2132,1424252765,1424252766
2133,1424257259,1424257259
2134,1424253262,1424253262
2135,1424257201,1424257201
2136,1424254581,1424254581
2137,1424254571,1424254571
2138,1424258853,1424258853
2139,1424261096,1424261096
2140,1424256999,1424257000
2141,1424261621,1424261621
2142,1424253695,1424253695
2143,1424258843,1424258843
2144,1424260599,1424260599
2145,1424255805,1424255808
2146,1424257660,1424257660
2147,1424252699,1424252699
2148,1424250282,1424250283
2149,1424254728,1424254728
2150,1424254620,1424254620
2151,1424261470,1424261471
2152,1424258341,1424258341
2153,1424250699,1424250700
2154,1424258088,1424258088
2155,1424252018,1424252018
2156,1424257844,1424257844
2157,1424257849,1424257849
2158,1424254724,1424254724
2159,1424258462,1424258463
2160,1424254152,1424254152
2161,1424259764,1424259764
2162,1424254515,1424254515
2163,1424254024,1424254024
2164,1424257400,1424257401
2165,1424258476,1424258476
2166,1424259167,1424259168
2167,1424251022,1424251022
2168,1424258026,1424258027
2169,1424253673,1424253673
2170,1424260497,1424260497
2171,1424251546,1424251546
2172,1424253071,1424253071
2173,1424258075,1424258076
2174,1424253186,1424253186
2175,1424250320,1424250321
2176,1424254840,1424254840
2177,1424260189,1424260189
2178,1424259083,1424259083
2179,1424253427,1424253427
2180,1424254774,1424254774
2181,1424261811,1424261811
2182,1424259736,1424259736
2183,1424250816,1424250816
2184,1424256266,1424256266
2185,1424259824,1424259825
2186,1424256778,1424256778
2187,1424250362,1424250362
2188,1424258349,1424258349
2189,1424257570,1424257570
2190,1424255665,1424255665
2191,1424257823,1424257824
2192,1424261712,1424261712
2193,1424261740,1424261740
2194,1424260439,1424260439
2195,1424260146,1424260147
2196,1424261920,1424261920
2197,1424250913,1424250914
2198,1424259922,1424259922
2199,1424250086,1424250089
2200,1424251015,1424251015
2201,1424261530,1424261530
2202,1424257027,1424257027
2203,1424257289,1424257290
2204,1424251919,1424251919
2205,1424258940,1424258940
2206,1424257626,1424257626
2207,1424253316,1424253316
2208,1424260145,1424260145
2209,1424258873,1424258873
2210,1424257687,1424257687
2211,1424260232,1424260232
2212,1424252046,1424252046
2213,1424258921,1424258921
2214,1424257995,1424257997
2215,1424261223,1424261223
2216,1424250581,1424250581
2217,1424254956,1424254956
2218,1424256333,1424256333
2219,1424252295,1424252296
2220,1424252070,1424252070
2221,1424254682,1424254682
2222,1424252570,1424252570
2223,1424257730,1424257730
2224,1424260425,1424260425
2225,1424250204,1424250204
2226,1424256310,1424256310
2227,1424260533,1424260533
2228,1424258023,1424258023
2229,1424250445,1424250445
2230,1424254892,1424254892
2231,1424252597,1424252597
2232,1424251942,1424251942
2233,1424254585,1424254585
2234,1424261559,1424261559
2235,1424261364,1424261364
2236,1424252833,1424252833
2237,1424254342,1424254342
2238,1424257116,1424257116
2239,1424254718,1424254719
2240,1424250361,1424250362
2241,1424252222,1424252222
2242,1424260563,1424260563
2243,1424259707,1424259707
2244,1424250853,1424250853
2245,1424252643,1424252643
2246,1424254966,1424254966
2247,1424252425,1424252425
2248,1424257534,1424257534
2249,1424253534,1424253534
2250,1424250696,1424250696
2251,1424252322,1424252322
2252,1424254698,1424254698
2253,1424256876,1424256876
2254,1424254653,1424254653
2255,1424259878,1424259879
2256,1424256869,1424256869
2257,1424260441,1424260442
2258,1424257371,1424257372
2259,1424257075,1424257075
2260,1424254124,1424254125
2261,1424256820,1424256820
2262,1424255675,1424255675
2263,1424251543,1424251544
2264,1424252196,1424252197
2265,1424250730,1424250730
2266,1424258243,1424258243
2267,1424251492,1424251492
2268,1424261514,1424261514
2269,1424254347,1424254347
2270,1424257307,1424257307
2271,1424259678,1424259679
2272,1424259257,1424259257
2273,1424257638,1424257638
2274,1424251138,1424251138
2275,1424250894,1424250895
2276,1424250382,1424250383
2277,1424256195,1424256195
2278,1424261531,1424261531
2279,1424258705,1424258706
2280,1424260287,1424260287
2281,1424252706,1424252706
2282,1424254205,1424254205
2283,1424261657,1424261657
2284,1424256574,1424256574
2285,1424261564,1424261564
2286,1424257832,1424257832
2287,1424257569,1424257569
2288,1424260460,1424260460
2289,1424257920,1424257927
2290,1424251288,1424251288
2291,1424251038,1424251038
2292,1424258281,1424258281
2293,1424254959,1424254959
2294,1424257514,1424257514
2295,1424254076,1424254076
2296,1424259115,1424259120
2297,1424253525,1424253525
2298,1424257912,1424257912
2299,1424256127,1424256127
2300,1424262015,1424262015
2301,1424261240,1424261240
2302,1424258711,1424258712
2303,1424251456,1424251458
2304,1424260067,1424260068
2305,1424259733,1424259733
2306,1424261325,1424261325
2307,1424252787,1424252787
2308,1424259559,1424259559
2309,1424256837,1424256838
2310,1424253517,1424253518
2311,1424252077,1424252077
2312,1424254361,1424254361
2313,1424252568,1424252569
2314,1424256677,1424256677
2315,1424253439,1424253439
2316,1424253903,1424253903
2317,1424258028,1424258028
2318,1424255560,1424255560
2319,1424260695,1424260695
2320,1424250494,1424250494
2321,1424257516,1424257516
2322,1424261255,1424261255
2323,1424256821,1424256822
2324,1424250777,1424250785
2325,1424261797,1424261797
2326,1424250622,1424250622
2327,1424254728,1424254728
2328,1424258827,1424258827
2329,1424254549,1424254549
2330,1424254847,1424254848
2331,1424251419,1424251420
2332,1424250951,1424250951
2333,1424259708,1424259708
2334,1424259890,1424259890
2335,1424257374,1424257374
2336,1424260658,1424260658
2337,1424256687,1424256687
2338,1424260479,1424260479
2339,1424250812,1424250812
2340,1424257211,1424257211
2341,1424259521,1424259521
2342,1424256896,1424256897
2343,1424250110,1424250110
2344,1424257349,1424257349
2345,1424260865,1424260866
2346,1424251944,1424251945
2347,1424259264,1424259264
2348,1424254206,1424254206
2349,1424258058,1424258058
2350,1424259327,1424259327
2351,1424252684,1424252684
2352,1424257487,1424257487
2353,1424255837,1424255837
2354,1424252813,1424252815
2355,1424260809,1424260809
2356,1424260559,1424260560
2357,1424256742,1424256756
2358,1424251381,1424251381
2359,1424262004,1424262004
2360,1424259016,1424259016
2361,1424251420,1424251420
2362,1424250042,1424250044
2363,1424261551,1424261552
2364,1424252526,1424252526
2365,1424259683,1424259684
2366,1424253621,1424253621
2367,1424253307,1424253307
2368,1424260406,1424260406
2369,1424256917,1424256932
2370,1424251356,1424251358
2371,1424259110,1424259110
2372,1424261392,1424261392
2373,1424261540,1424261540
2374,1424250085,1424250085
2375,1424260119,1424260119
2376,1424250270,1424250270
2377,1424255041,1424255041
2378,1424254772,1424254772
2379,1424259832,1424259832
2380,1424256481,1424256481
2381,1424258200,1424258200
2382,1424254007,1424254007
2383,1424255922,1424255922
2384,1424256127,1424256127
2385,1424258231,1424258231
2386,1424259818,1424259818
2387,1424257550,1424257550
2388,1424254541,1424254541
2389,1424253283,1424253283
2390,1424255761,1424255761
2391,1424251716,1424251717
2392,1424251871,1424251871
2393,1424254623,1424254623
2394,1424256918,1424256918
2395,1424261210,1424261210
2396,1424261515,1424261516
2397,1424257962,1424257962
2398,1424261210,1424261210
2399,1424253057,1424253058
2400,1424259603,1424259604
2401,1424252503,1424252504
2402,1424258826,1424258827
2403,1424259309,1424259310
2404,1424255235,1424255235
2405,1424259322,1424259322
2406,1424254104,1424254106
2407,1424251895,1424251895
2408,1424255863,1424255864
2409,1424252307,1424252307
2410,1424255899,1424255900
2411,1424250629,1424250629
2412,1424250150,1424250151
2413,1424252079,1424252079
2414,1424251026,1424251026
2415,1424252773,1424252773
2416,1424259065,1424259066
2417,1424250474,1424250474
2418,1424250757,1424250757
2419,1424261550,1424261550
2420,1424251116,1424251116
2421,1424252149,1424252149
2422,1424256571,1424256571
2423,1424252547,1424252547
2424,1424254699,1424254700
2425,1424260628,1424260628
2426,1424257618,1424257618
2427,1424258136,1424258136
2428,1424260843,1424260843
2429,1424251865,1424251865
2430,1424261839,1424261839
2431,1424250740,1424250740
2432,1424254830,1424254830
2433,1424252320,1424252320
2434,1424257138,1424257139
2435,1424254141,1424254142
2436,1424258693,1424258693
2437,1424251968,1424251968
2438,1424251032,1424251032
2439,1424251398,1424251398
2440,1424257299,1424257299
2441,1424259097,1424259097
2442,1424257073,1424257074
2443,1424250303,1424250303
2444,1424256067,1424256067
2445,1424258738,1424258738
2446,1424259654,1424259654
2447,1424250579,1424250580
2448,1424252729,1424252729
2449,1424261838,1424261838
2450,1424260437,1424260437
2451,1424256463,1424256463
2452,1424258990,1424258990
2453,1424258370,1424258370
2454,1424260986,1424260987
2455,1424252782,1424252783
2456,1424252699,1424252699
2457,1424254827,1424254827
2458,1424250890,1424250890
2459,1424254314,1424254314
2460,1424252826,1424252826
2461,1424255727,1424255727
2462,1424257191,1424257192
2463,1424260897,1424260898
2464,1424257000,1424257000
2465,1424251832,1424251833
2466,1424250991,1424250991
2467,1424260435,1424260435
2468,1424250063,1424250063
2469,1424259025,1424259025
2470,1424252909,1424252909
2471,1424260257,1424260258
2472,1424257877,1424257877
2473,1424255140,1424255141
2474,1424261620,1424261620
2475,1424261486,1424261487
2476,1424255047,1424255047
2477,1424256805,1424256811
2478,1424261837,1424261837
2479,1424259183,1424259187
2480,1424259584,1424259584
2481,1424254020,1424254020
2482,1424255695,1424255695
2483,1424254832,1424254832
2484,1424256419,1424256419
2485,1424258392,1424258392
2486,1424260601,1424260601
2487,1424261662,1424261662
2488,1424254692,1424254692
2489,1424257674,1424257674
2490,1424252547,1424252547
2491,1424253938,1424253939
2492,1424257541,1424257541
2493,1424251337,1424251337
2494,1424253362,1424253362
2495,1424254991,1424254991
2496,1424259269,1424259270
2497,1424250395,1424250395
2498,1424254878,1424254878
2499,1424257543,1424257543
2500,1424257737,1424257738
2501,1424250602,1424250602
2502,1424257804,1424257804
2503,1424250502,1424250503
2504,1424254558,1424254558
2505,1424257050,1424257054
2506,1424254458,1424254458
2507,1424257666,1424257667
2508,1424256374,1424256374
2509,1424254018,1424254018
2510,1424254410,1424254416
2511,1424255811,1424255811
2512,1424252137,1424252137
2513,1424259528,1424259529
2514,1424259462,1424259462
2515,1424254817,1424254817
2516,1424252950,1424252950
2517,1424252486,1424252486
2518,1424258349,1424258350
2519,1424260535,1424260539
2520,1424261570,1424261571
2521,1424256874,1424256875
2522,1424261214,1424261214
2523,1424250211,1424250211
2524,1424255052,1424255052
2525,1424260688,1424260688
2526,1424250534,1424250535
2527,1424256246,1424256246
2528,1424255560,1424255571
2529,1424259737,1424259737
2530,1424255566,1424255574
2531,1424254976,1424254976
2532,1424254238,1424254238
2533,1424250084,1424250084
2534,1424256378,1424256378
2535,1424253273,1424253273
2536,1424250641,1424250641
2537,1424260215,1424260215
2538,1424258106,1424258106
2539,1424261004,1424261004
2540,1424253020,1424253020
2541,1424256802,1424256802
2542,1424250659,1424250659
2543,1424257878,1424257880
2544,1424254040,1424254040
2545,1424259434,1424259434
2546,1424260837,1424260837
2547,1424260272,1424260272
2548,1424258430,1424258432
2549,1424261377,1424261377
2550,1424259036,1424259038
2551,1424251058,1424251058
2552,1424258849,1424258850
2553,1424251195,1424251196
2554,1424253815,1424253815
2555,1424251079,1424251079
2556,1424255875,1424255875
2557,1424259107,1424259107
2558,1424254280,1424254280
2559,1424256559,1424256559
2560,1424253000,1424253000
2561,1424251720,1424251720
2562,1424257137,1424257137
2563,1424250725,1424250725
2564,1424251282,1424251282
2565,1424259789,1424259789
2566,1424253219,1424253219
2567,1424260234,1424260249
2568,1424250782,1424250782
2569,1424250823,1424250823
2570,1424261960,1424261960
2571,1424258310,1424258311
2572,1424253400,1424253400
2573,1424253842,1424253842
2574,1424258672,1424258672
2575,1424250058,1424250059
2576,1424254512,1424254512
2577,1424258987,1424258987
2578,1424254432,1424254432
2579,1424251036,1424251037
2580,1424255771,1424255771
2581,1424261814,1424261814
2582,1424260498,1424260498
2583,1424253275,1424253275
2584,1424250262,1424250266
2585,1424258683,1424258683
2586,1424254310,1424254311
2587,1424250279,1424250280
2588,1424257142,1424257142
2589,1424261854,1424261854
2590,1424251983,1424251983
2591,1424256272,1424256272
2592,1424255899,1424255899
2593,1424254945,1424254945
2594,1424250153,1424250154
2595,1424256486,1424256486
2596,1424258741,1424258741
2597,1424257739,1424257739
2598,1424250250,1424250250
2599,1424254547,1424254547
2600,1424252893,1424252893
2601,1424250584,1424250584
2602,1424261120,1424261121
2603,1424251605,1424251605
2604,1424250530,1424250531
2605,1424261272,1424261273
2606,1424257677,1424257678
2607,1424252883,1424252883
2608,1424254109,1424254109
2609,1424250173,1424250173
2610,1424252081,1424252083
2611,1424257407,1424257409
2612,1424255158,1424255158
2613,1424251179,1424251179
2614,1424253038,1424253038
2615,1424261052,1424261054
2616,1424251093,1424251093
2617,1424255638,1424255638
2618,1424258599,1424258599
2619,1424259558,1424259559
2620,1424257271,1424257272
2621,1424257169,1424257169
2622,1424250228,1424250228
2623,1424257518,1424257519
2624,1424254915,1424254915
2625,1424250107,1424250107
2626,1424251007,1424251007
2627,1424258068,1424258068
2628,1424259225,1424259226
2629,1424250852,1424250852
2630,1424253384,1424253384
2631,1424257318,1424257319
2632,1424252712,1424252712
2633,1424253260,1424253260
2634,1424255231,1424255231
2635,1424258198,1424258198
2636,1424261717,1424261717
2637,1424254351,1424254352
2638,1424260032,1424260033
2639,1424251031,1424251031
2640,1424261330,1424261330
2641,1424253965,1424253965
2642,1424256189,1424256189
2643,1424259630,1424259633
2644,1424254712,1424254712
2645,1424253638,1424253638
2646,1424256335,1424256335
2647,1424258761,1424258762
2648,1424254638,1424254638
2649,1424254638,1424254638
2650,1424259036,1424259036
2651,1424253754,1424253754
2652,1424251152,1424251152
2653,1424257233,1424257233
2654,1424257610,1424257611
2655,1424254785,1424254786
2656,1424252392,1424252392
2657,1424256514,1424256514
2658,1424260101,1424260101
2659,1424261004,1424261004
2660,1424259081,1424259081
2661,1424254653,1424254653
2662,1424260763,1424260763
2663,1424261444,1424261445
2664,1424254738,1424254738
2665,1424251943,1424251943
2666,1424252435,1424252439
2667,1424257186,1424257186
2668,1424259195,1424259195
2669,1424258299,1424258299
2670,1424254663,1424254663
2671,1424255864,1424255864
2672,1424258060,1424258069
2673,1424255792,1424255792
2674,1424255176,1424255176
2675,1424258993,1424258993
2676,1424250494,1424250495
2677,1424258367,1424258367
2678,1424257175,1424257175
2679,1424261782,1424261782
2680,1424252928,1424252929
2681,1424260374,1424260374
2682,1424254648,1424254648
2683,1424255111,1424255111
2684,1424256469,1424256470
2685,1424253180,1424253181
2686,1424260419,1424260419
2687,1424256803,1424256803
2688,1424261521,1424261521
2689,1424261627,1424261627
2690,1424255945,1424255945
2691,1424255893,1424255893
2692,1424255577,1424255577
2693,1424257709,1424257710
2694,1424253743,1424253743
2695,1424256879,1424256879
2696,1424261877,1424261877
2697,1424251121,1424251123
2698,1424261147,1424261147
2699,1424261417,1424261417
2700,1424254176,1424254176
2701,1424256673,1424256674
2702,1424251400,1424251401
2703,1424259051,1424259051
2704,1424258196,1424258196
2705,1424256133,1424256133
2706,1424260041,1424260041
2707,1424256254,1424256254
2708,1424254878,1424254878
2709,1424257210,1424257210
2710,1424252042,1424252044
2711,1424256914,1424256915
2712,1424252757,1424252757
2713,1424261846,1424261846
2714,1424254446,1424254446
2715,1424259275,1424259275
2716,1424253490,1424253491
2717,1424253956,1424253956
2718,1424261566,1424261566
2719,1424257118,1424257118
2720,1424257933,1424257936
2721,1424251649,1424251650
2722,1424254510,1424254510
2723,1424250862,1424250863
2724,1424259666,1424259666
2725,1424251513,1424251515
2726,1424254834,1424254834
2727,1424254628,1424254628
2728,1424261852,1424261852
2729,1424261759,1424261759
2730,1424253838,1424253838
2731,1424252846,1424252846
2732,1424259514,1424259514
2733,1424257038,1424257038
2734,1424251268,1424251269
2735,1424250509,1424250509
2736,1424251781,1424251781
2737,1424250376,1424250377
2738,1424256159,1424256160
2739,1424257555,1424257555
2740,1424251055,1424251055
2741,1424259021,1424259022
2742,1424260021,1424260021
2743,1424260350,1424260350
2744,1424258639,1424258640
2745,1424251857,1424251858
2746,1424257438,1424257438
2747,1424250627,1424250627
2748,1424259101,1424259102
2749,1424259157,1424259157
2750,1424260881,1424260881
2751,1424258452,1424258452
2752,1424261034,1424261035
2753,1424258745,1424258745
2754,1424252936,1424252936
2755,1424256728,1424256728
2756,1424252565,1424252565
2757,1424260996,1424260996
2758,1424261924,1424261924
2759,1424255066,1424255066
2760,1424251569,1424251570
2761,1424251483,1424251483
2762,1424261449,1424261450
2763,1424258332,1424258332
2764,1424258255,1424258255
2765,1424261664,1424261665
2766,1424259843,1424259844
2767,1424261658,1424261658
2768,1424252832,1424252832
2769,1424251584,1424251584
2770,1424257154,1424257154
2771,1424258190,1424258190
2772,1424252329,1424252329
2773,1424260041,1424260042
2774,1424255078,1424255078
2775,1424252187,1424252187
2776,1424257290,1424257290
2777,1424256274,1424256274
2778,1424252832,1424252832
2779,1424261082,1424261082
2780,1424252509,1424252509
2781,1424250244,1424250244
2782,1424260043,1424260043
2783,1424256248,1424256249
2784,1424253330,1424253331
2785,1424256061,1424256065
2786,1424251530,1424251531
2787,1424252898,1424252898
2788,1424258066,1424258067
2789,1424252828,1424252829
2790,1424253831,1424253831
2791,1424254011,1424254012
2792,1424258698,1424258698
2793,1424259798,1424259798
2794,1424250511,1424250511
2795,1424256518,1424256518
2796,1424261082,1424261082
2797,1424256435,1424256436
2798,1424253974,1424253975
2799,1424254440,1424254441
2800,1424257039,1424257040
2801,1424252595,1424252595
2802,1424257983,1424257983
2803,1424254394,1424254394
2804,1424254721,1424254722
2805,1424250694,1424250694
2806,1424258378,1424258378
2807,1424259642,1424259643
2808,1424258052,1424258052
2809,1424258614,1424258614
2810,1424261324,1424261324
2811,1424259167,1424259167
2812,1424253997,1424253997
2813,1424258454,1424258454
2814,1424250576,1424250576
2815,1424258308,1424258308
2816,1424255223,1424255223
2817,1424256133,1424256133
2818,1424257164,1424257164
2819,1424258057,1424258068
2820,1424261674,1424261675
2821,1424261006,1424261006
2822,1424253078,1424253078
2823,1424252041,1424252041
2824,1424258456,1424258456
2825,1424250609,1424250609
2826,1424250148,1424250149
2827,1424259889,1424259889
2828,1424254288,1424254289
2829,1424255207,1424255207
2830,1424259716,1424259716
2831,1424257475,1424257475
2832,1424257785,1424257785
2833,1424259907,1424259907
2834,1424258027,1424258028
2835,1424260013,1424260014
2836,1424255982,1424255982
2837,1424261391,1424261391
2838,1424254582,1424254582
2839,1424252726,1424252727
2840,1424254880,1424254880
2841,1424261150,1424261151
2842,1424259498,1424259498
2843,1424255636,1424255636
2844,1424250847,1424250848
2845,1424252791,1424252795
2846,1424253130,1424253130
2847,1424251999,1424251999
2848,1424258648,1424258648
2849,1424259975,1424259975
2850,1424250250,1424250250
2851,1424254790,1424254790
2852,1424253475,1424253487
2853,1424251803,1424251803
2854,1424254630,1424254630
2855,1424261461,1424261462
2856,1424251640,1424251641
2857,1424258562,1424258562
2858,1424255008,1424255008
2859,1424253937,1424253937
2860,1424257028,1424257028
2861,1424258454,1424258454
2862,1424256078,1424256079
2863,1424256346,1424256346
2864,1424258964,1424258964
2865,1424260329,1424260329
2866,1424253372,1424253372
2867,1424250685,1424250685
2868,1424254071,1424254071
2869,1424251801,1424251801
2870,1424254871,1424254871
2871,1424258185,1424258185
2872,1424256332,1424256332
2873,1424252110,1424252110
2874,1424251775,1424251775
2875,1424251697,1424251697
2876,1424258369,1424258369
2877,1424251646,1424251646
2878,1424260534,1424260534
2879,1424255693,1424255693
2880,1424261177,1424261178
2881,1424251660,1424251661
2882,1424255038,1424255038
2883,1424253892,1424253892
2884,1424252521,1424252522
2885,1424255928,1424255928
2886,1424252576,1424252576
2887,1424260781,1424260782
2888,1424260713,1424260713
2889,1424251760,1424251762
2890,1424250436,1424250436
2891,1424254653,1424254653
2892,1424256300,1424256301
2893,1424250888,1424250888
2894,1424252700,1424252701
2895,1424255586,1424255586
2896,1424259004,1424259005
2897,1424252579,1424252579
2898,1424257653,1424257653
2899,1424259377,1424259378
2900,1424250595,1424250595
2901,1424256674,1424256675
2902,1424253401,1424253401
2903,1424254009,1424254009
2904,1424259641,1424259642
2905,1424258368,1424258369
2906,1424252476,1424252476
2907,1424254151,1424254151
2908,1424257650,1424257650
2909,1424258364,1424258364
2910,1424256850,1424256850
2911,1424254841,1424254841
2912,1424256903,1424256903
2913,1424257134,1424257134
2914,1424256758,1424256759
2915,1424261605,1424261606
2916,1424254690,1424254690
2917,1424257741,1424257741
2918,1424255568,1424255570
2919,1424260138,1424260138
2920,1424250848,1424250848
2921,1424256887,1424256887
2922,1424253234,1424253234
2923,1424255248,1424255248
2924,1424260536,1424260537
2925,1424257193,1424257194
2926,1424259116,1424259116
2927,1424251434,1424251435
2928,1424253035,1424253035
2929,1424256526,1424256526
2930,1424254697,1424254697
2931,1424252552,1424252552
2932,1424256120,1424256120
2933,1424254877,1424254877
2934,1424255890,1424255890
2935,1424251306,1424251307
2936,1424255822,1424255822
2937,1424257031,1424257031
2938,1424257687,1424257687
2939,1424256385,1424256385
2940,1424251581,1424251581
2941,1424258463,1424258463
2942,1424252423,1424252423
2943,1424254717,1424254717
2944,1424251221,1424251221
2945,1424260365,1424260365
2946,1424251161,1424251161
2947,1424259375,1424259375
2948,1424255101,1424255101
2949,1424254459,1424254459
2950,1424261839,1424261839
2951,1424256338,1424256338
2952,1424261513,1424261513
2953,1424257993,1424257993
2954,1424260888,1424260888
2955,1424257860,1424257860
2956,1424254629,1424254629
2957,1424253694,1424253696
2958,1424258708,1424258709
2959,1424258407,1424258407
2960,1424251909,1424251909
2961,1424256807,1424256807
2962,1424259843,1424259843
2963,1424250498,1424250498
2964,1424250308,1424250308
2965,1424257286,1424257286
2966,1424260190,1424260192
2967,1424254925,1424254926
2968,1424256221,1424256221
2969,1424257547,1424257547
2970,1424253523,1424253523
2971,1424256613,1424256613
2972,1424257460,1424257466
2973,1424258721,1424258721
2974,1424252960,1424252960
2975,1424260853,1424260854
2976,1424253866,1424253866
2977,1424260846,1424260846
2978,1424256006,1424256006
2979,1424252978,1424252978
2980,1424258037,1424258037
2981,1424254869,1424254869
2982,1424254922,1424254922
2983,1424254712,1424254712
2984,1424257426,1424257426
2985,1424255012,1424255012
2986,1424251584,1424251584
2987,1424255688,1424255688
2988,1424254579,1424254579
2989,1424260518,1424260518
2990,1424260888,1424260891
2991,1424252742,1424252742
2992,1424261490,1424261490
2993,1424250112,1424250112
2994,1424252796,1424252796
2995,1424260453,1424260453
2996,1424254867,1424254867
2997,1424259356,1424259356
2998,1424256031,1424256032
2999,1424260706,1424260706
